<?xml version="1.0" encoding="UTF-8" ?>
<!DOCTYPE configuration
  PUBLIC "-//mybatis.org//DTD Config 3.0//EN"
  "http://mybatis.org/dtd/mybatis-3-config.dtd">
<configuration>

<!--     JDBCの設定です(1) -->
    <environments default="gissn2">
        <environment id="gissn2">
            <transactionManager type="JDBC" />
            <dataSource type="POOLED">
                <property name="driver" value="oracle.jdbc.driver.OracleDriver" />
                <property name="url" value="jdbc:oracle:thin:@localhost:1521:XE" />
                <property name="username" value="gissn2" />
                <property name="password" value="oracle" />
            </dataSource>
        </environment>
    </environments>

<!--     mapperパッケージを指定します -->
    <mappers>
        <package name="com.example.dao" />
    </mappers>

</configuration>